RASSF1,RASSF2,RASSF3,RASSF4,RASSF5,RASSF6,RASSF7,RASSF8,RASSF9,RASSF10,Sample,Patient_ID
526.656,86.0258,292.811,113.776,33.9257,0,450.323,725.364,0.4039,8.4814,TCGA-3N-A9WB-06,TCGA-3N-A9WB
857.975,3429.89,541.202,2192.11,690.555,4.8178,232.46,1175.15,2.4089,2.0074,TCGA-3N-A9WC-06,TCGA-3N-A9WC
1124.11,1109.93,371.631,909.929,817.731,27.6596,499.291,428.369,15.6028,25.5319,TCGA-3N-A9WD-06,TCGA-3N-A9WD
628.247,8385.39,890.909000000001,133.117,29.5455,0.3247,131.169,528.247,2.9221,3.2468,TCGA-BF-A1PU-01,TCGA-BF-A1PU
1526.9,115.362,1755.23,352.361,36.7603,2.9886,205.917,1197.25,2.0921,1.7932,TCGA-BF-A1PV-01,TCGA-BF-A1PV
913.104,623.219,622.524,1156.83,1094.54,7.6469,259.993,214.459,14.5985,63.2603,TCGA-BF-A1PX-01,TCGA-BF-A1PX
488.58,239.859,701.856,227.332,103.583,0,293.637,578.107,0,2.1389,TCGA-BF-A1PZ-01,TCGA-BF-A1PZ
1433.8,251.698,294.645,1215.89,182.701,1.7601,262.258,2126.93,2.4642,1.0561,TCGA-BF-A1Q0-01,TCGA-BF-A1Q0
712.045,509.736,813.028,575.909,325.694,3.7911,215.061,1997.59,8.2716,6.5483,TCGA-BF-A3DJ-01,TCGA-BF-A3DJ
880.176,1508.45,716.001,118.897,37.2458,0,197.501,165.646,0,0.9802,TCGA-BF-A3DL-01,TCGA-BF-A3DL
516.336,89.6861,385.01,1131.33,145.74,0.3203,135.49,891.736,1.2812,4.4843,TCGA-BF-A3DM-01,TCGA-BF-A3DM
419.862,1957.52,838.565000000001,337.171,89.0178,0.29,122.653,794.491,9.5687,2.0297,TCGA-BF-A3DN-01,TCGA-BF-A3DN
1850.36,380.805,471.104,660.666,595.459,1.032,642.931,324.045,0,8.2559,TCGA-BF-A5EO-01,TCGA-BF-A5EO
398.728,310.999,548.306,325.474,61.4102,0.4386,334.686,1246.19,0.4386,1.3159,TCGA-BF-A5EP-01,TCGA-BF-A5EP
1450.97,703.619,1070.95,1040.34,327.539,4.373,302.613,1109.87,2.1865,1.7492,TCGA-BF-A5EQ-01,TCGA-BF-A5EQ
1148.58,947.22,1173.24,74.4831,51.8813,0,357.005,298.96,0.5137,0,TCGA-BF-A5ER-01,TCGA-BF-A5ER
1654.34,513.873,1309.83,286.538,185.549,0,292.486,339.884,0,0.578,TCGA-BF-A5ES-01,TCGA-BF-A5ES
609.01,2060.34,351.569,2130.31,1358.41,2.8158,369.67,378.922,4.0225,0.8045,TCGA-BF-AAP0-06,TCGA-BF-AAP0
255.731,141.476,471.347,208.095,63.7536,0,30.086,1955.59,0.3582,5.0143,TCGA-D3-A1Q1-06,TCGA-D3-A1Q1
812.74,1188.8,1075.45,528.281,638.55,8.5667,166.941,1235.15,8.5667,0,TCGA-D3-A1Q3-06,TCGA-D3-A1Q3
455.473,1036.22,219.51,495.86,274.481,20.1934,154.442,603.184,32.5338,11.9665,TCGA-D3-A1Q4-06,TCGA-D3-A1Q4
487.15,166.191,524.272,1447.74,133.638,4.5688,177.613,1805.25,125.642,38.2638,TCGA-D3-A1Q5-06,TCGA-D3-A1Q5
764.273,92.081,310.313,352.979,180.018,0.4604,83.7937,4039.59,72.744,0.4604,TCGA-D3-A1Q6-06,TCGA-D3-A1Q6
543.653,1054.9,980.543,1387.19,1332.95,6.6546,227.125,629.295,5.4973,2.8933,TCGA-D3-A1Q7-06,TCGA-D3-A1Q7
706.581,902.307,285.957,1115.66,640.095,4.4098,116.011,1735.41,6.445,2.3745,TCGA-D3-A1Q8-06,TCGA-D3-A1Q8
211.532,1503.46,1398.02,558.814,257.002,1.9769,154.53,1189.79,9.5552,6.2603,TCGA-D3-A1Q9-06,TCGA-D3-A1Q9
550.497,2022.89,1656.22,363.433,89.801,1.99,248.01,1483.33,1.7413,0,TCGA-D3-A1QA-06,TCGA-D3-A1QA
712.896,1186.71,760.837,1367.14,1164.92,0.9339,197.058,372.947,2.8018,8.7166,TCGA-D3-A1QB-06,TCGA-D3-A1QB
551.759,792.634,1759.12,355.418,280.026,0.3318,134.373,198.407,2.3225,0,TCGA-D3-A2J6-06,TCGA-D3-A2J6
199.21,289.899,562.986,422.876,631.767,1.5285,84.5752,1646.67,10.1898,0,TCGA-D3-A2J7-06,TCGA-D3-A2J7
1027.87,879.536,267.925,1778.13,943.977,1.7417,174.746,445.573,10.4499,0.2903,TCGA-D3-A2J8-06,TCGA-D3-A2J8
891.382,1919.77,663.741,2982.09,2527.02,3.794,285.605,625.169,6.7449,0.2108,TCGA-D3-A2J9-06,TCGA-D3-A2J9
1013.06,809.009,106.306,2419.37,534.685,0.4505,163.063,1510.81,12.1622,62.1622,TCGA-D3-A2JA-06,TCGA-D3-A2JA
735.751,2514.46,627.444,2005.35,2018.05,70.1989,362.694,445.596,14.3741,7.6885,TCGA-D3-A2JB-06,TCGA-D3-A2JB
503.835,1169.56,648.769,871.619,429.148,1.2111,294.308,1474.36,27.8563,6.4594,TCGA-D3-A2JC-06,TCGA-D3-A2JC
548.78,1137.1,442.35,316.334,1035.11,1.4782,236.512,114.56,1.1086,3.3259,TCGA-D3-A2JD-06,TCGA-D3-A2JD
494.029,77.448,216.991,77.7857,66.189,0.6824,126.919,603.548,0.3412,0,TCGA-D3-A2JE-06,TCGA-D3-A2JE
983.789,740.122,235.562,2141.84,591.185,3.5461,859.676,1338.4,7.0922,2.0263,TCGA-D3-A2JF-06,TCGA-D3-A2JF
519.895,1987.24,889.264,185.435,78.0781,11.2613,195.946,1854.73,3.7538,14.2643,TCGA-D3-A2JG-06,TCGA-D3-A2JG
1030.71,2731.35,1322.95,1846.31,1085,0.8901,211.541,473.224,2.0768,0.8901,TCGA-D3-A2JH-06,TCGA-D3-A2JH
562.015,519.38,85.2713,236.434,174.419,0,538.76,170.543,7.7519,19.3798,TCGA-D3-A2JK-06,TCGA-D3-A2JK
347.792,439.107,235.434,997.665,532.01,5.1613,320.794,538.362,0,0.397,TCGA-D3-A2JL-06,TCGA-D3-A2JL
541.439,358.233,52.8899,668.484,411.668,21.265,191.385,950.382,4.9073,31.0796,TCGA-D3-A2JN-06,TCGA-D3-A2JN
564.671,770.033,1136.1,1894.32,1392.88,4.1131,248.549,539.993,1.7628,0,TCGA-D3-A2JO-06,TCGA-D3-A2JO
660.294,819.853,153.677,586.029,353.676,1.4706,384.559,350.368,1.4706,0,TCGA-D3-A2JP-06,TCGA-D3-A2JP
499.43,1065.23,521,816.547,860.313,3.3185,218.189,507.311,18.6664,13.2739,TCGA-D3-A3BZ-06,TCGA-D3-A3BZ
852.016,894.355,1631.85,277.738,238.71,0.4032,329.839,672.177,0.8065,1.2097,TCGA-D3-A3C1-06,TCGA-D3-A3C1
375.428,144.828,552.245,524.496,558.221,1.0546,559.979,239.388,1.0546,6.679,TCGA-D3-A3C3-06,TCGA-D3-A3C3
375.468,147.628,703.183,227.84,191.948,0,36.5169,397.628,3.1211,9.3633,TCGA-D3-A3C6-06,TCGA-D3-A3C6
1103.46,480.152,103.04,1132.18,525.76,0.8446,386.402,1999.16,0,0,TCGA-D3-A3C7-06,TCGA-D3-A3C7
1104.73,1243.25,282.359,3393.15,2199.3,4.3589,415.547,980.748,7.7491,0.9686,TCGA-D3-A3C8-06,TCGA-D3-A3C8
630.034,2392.91,775.083,1324.49,1875.92,94.8089,223.652,548.19,6.0775,0,TCGA-D3-A3CB-06,TCGA-D3-A3CB
384.337,1047.47,496.346,682.514,109.239,2.7694,192.63,1144.4,17.5398,2.4617,TCGA-D3-A3CC-06,TCGA-D3-A3CC
426.861,641.227,1383.46,635.241,930.415,8.6046,186.308,974.56,45.6416,2.9929,TCGA-D3-A3CE-06,TCGA-D3-A3CE
748.25,1352.51,753.425,1152.82,1041.7,10.9589,192.085,997.26,9.1324,0,TCGA-D3-A3CF-06,TCGA-D3-A3CF
540.719,3712.98,2358.33,176.651,15.0116,0,124.296,830.744,0.6005,0,TCGA-D3-A3ML-06,TCGA-D3-A3ML
333.105,294.38,200.822,388.766,251.885,0,115.833,998.972,17.4777,2.3989,TCGA-D3-A3MO-06,TCGA-D3-A3MO
813.049,1727.44,138.362,2363.26,832.948,13.8825,607.589,629.801,5.0902,0.9255,TCGA-D3-A3MR-06,TCGA-D3-A3MR
538.188,2268.7,1069.25,704.642,242.58,0.7915,218.441,474.08,1.5829,3.9573,TCGA-D3-A3MU-06,TCGA-D3-A3MU
668.995,278.722,405.723,711.02,245.041,0,99.1906,632.842,1.854,0,TCGA-D3-A3MV-06,TCGA-D3-A3MV
857.388,2480.24,2422.68,1173.11,475.086,4.7251,652.491,677.835,1.7182,0.4296,TCGA-D3-A51E-06,TCGA-D3-A51E
1670.03,1355.23,210.833,5625.47,2488.41,8.7327,315.209,400.873,18.2971,1.2475,TCGA-D3-A51F-06,TCGA-D3-A51F
1115.3,179.84,153.372,478.97,226.251,0,160.261,2124,2.9007,0.7252,TCGA-D3-A51G-06,TCGA-D3-A51G
1084.93,3130.27,270.753,2280.33,2708.17,33.8442,446.999,556.194,5.7471,1.2771,TCGA-D3-A51H-06,TCGA-D3-A51H
616.978,863.922,852.072,1384.19,1002.68,1.5291,319.575,638.385,3.8227,0,TCGA-D3-A51J-06,TCGA-D3-A51J
729.751,427.57,59.9688,693.146,322.43,0,418.224,77.1028,0,31.9315,TCGA-D3-A51K-06,TCGA-D3-A51K
1227.87,243.566,254.865,1047.08,546.139,2.511,355.932,626.491,0.6277,1.8832,TCGA-D3-A51N-06,TCGA-D3-A51N
381.142,246.904,559.968,270.395,109.788,0,213.823,706.671,8.1502,0.9588,TCGA-D3-A51R-06,TCGA-D3-A51R
881.703999999999,2083.71,2188.97,599.935,246.115,3.5088,737.845,1581.95,1.5038,1.5038,TCGA-D3-A51T-06,TCGA-D3-A51T
729.419,106.645,436.756,400.936,54.9506,0,209.22,1510.94,3.2563,0,TCGA-D3-A5GL-06,TCGA-D3-A5GL
457.711,1028.96,264.083,577.841,277.769,3.0413,97.8274,1707.16,11.6582,5.5757,TCGA-D3-A5GN-06,TCGA-D3-A5GN
1023.12,319.062,331.895,657.94,189.844,0,438.544,533.687,0,0,TCGA-D3-A5GO-06,TCGA-D3-A5GO
474.435,1101.86,461.356,851.367,944.51,30.1229,145.858,1145.86,4.3599,1.5854,TCGA-D3-A5GR-06,TCGA-D3-A5GR
538.653,3600,488.778,798.005,301.247,0.4988,319.202,448.379,4.9875,1.4963,TCGA-D3-A5GS-06,TCGA-D3-A5GS
724.497,495.16,1221.89,428.89,102.755,0,247.208,528.667,1.4892,0.7446,TCGA-D3-A5GT-01,TCGA-D3-A5GT
491.461,296.501,1119.21,640.84,276.193,0.9026,92.9669,606.09,4.0617,7.2207,TCGA-D3-A5GU-06,TCGA-D3-A5GU
972.078,1483.37,179.037,1951.45,891.259,10.6637,479.865,267.153,21.8886,0,TCGA-D3-A8GB-06,TCGA-D3-A8GB
670.794,1718.56,570.267,504.112,206.597,10.3483,242.447,1007.48,2.5871,0.7392,TCGA-D3-A8GC-06,TCGA-D3-A8GC
899.193,2318.9,501.421,2460.28,1317.42,5.4552,390.044,322.309,0.4546,0.9092,TCGA-D3-A8GD-06,TCGA-D3-A8GD
937.989,2595.12,99.4774,815.856,584.015,1.2435,139.683,887.007,8.7043,9.5333,TCGA-D3-A8GE-06,TCGA-D3-A8GE
2426.41,239.964,478.144,160.178,78.5013,0,640.5,443.354,0.8921,15.165,TCGA-D3-A8GI-06,TCGA-D3-A8GI
588.518,1407.59,285.092,1866.85,806.234,3.6668,270.425,330.927,8.2503,0,TCGA-D3-A8GJ-06,TCGA-D3-A8GJ
1213.64,68.4459,1294.34,296.769,24.0072,0.5108,230.367,930.66,0,2.0432,TCGA-D3-A8GK-06,TCGA-D3-A8GK
1299.26,352.627,1563.22,209.77,23.399,0,180.624,1708.13,4.1051,0,TCGA-D3-A8GL-06,TCGA-D3-A8GL
872.937,1443.16,1752.31,559.021,283.755,7.4494,258.698,1904.68,2.7089,2.0317,TCGA-D3-A8GM-06,TCGA-D3-A8GM
606.576,1658.16,168.367,869.048,702.381,17.0068,226.757,358.844,2.2676,0,TCGA-D3-A8GN-06,TCGA-D3-A8GN
777.362,553.376,68.2737,404.252,600.09,19.1645,398.862,373.709,2.9945,0,TCGA-D3-A8GO-06,TCGA-D3-A8GO
303.542,144.414,777.112,138.965,40.8719,0.545,73.5695,595.095,1.0899,0.545,TCGA-D3-A8GP-06,TCGA-D3-A8GP
528.461,164.91,172.406,582.338,1517.92,8.9014,295.62,1993.91,21.0822,9.8384,TCGA-D3-A8GQ-06,TCGA-D3-A8GQ
682.973,276.576,356.538,989.652,44.2145,0,259.642,327.375,0,0.9407,TCGA-D3-A8GR-06,TCGA-D3-A8GR
752.623,318.691,1051.4,1646.1,1190.11,12.0932,391.962,577.628,0,32.7227,TCGA-D3-A8GS-06,TCGA-D3-A8GS
528.049,216.98,636.347,119.435,214.292,0.384,296.86,630.202,13.4412,0.7681,TCGA-D3-A8GV-06,TCGA-D3-A8GV
429.912,3382.18,2139.61,540.103,189.241,0,262.55,643.589,1.989,0.2841,TCGA-D9-A148-06,TCGA-D9-A148
1249,551.102,2863.29,366.074,355.19,4.5129,162.464,648.792,1.3273,0.2655,TCGA-D9-A149-06,TCGA-D9-A149
498.741,4401.39,1210.46,763.613,695.541,1.3479,161.08,202.192,1.6849,1.6849,TCGA-D9-A1JW-06,TCGA-D9-A1JW
702.062,1107.56,919.244,1412.04,621.649,0.6873,96.9072,532.99,0.6873,5.4983,TCGA-D9-A1JX-06,TCGA-D9-A1JX
873.656999999999,238.216,1533.31,81.2983,23.6124,2.69,189.198,1330.06,2.9889,1.1956,TCGA-D9-A1X3-06,TCGA-D9-A1X3
673.593,908.379,845.23,1435.56,681.689,16.1921,191.067,913.777,1.0795,0.5397,TCGA-D9-A3Z1-06,TCGA-D9-A3Z1
480.504,3118.24,1733.27,755.584,675.011,9.7253,181.9,403.422,2.8816,0,TCGA-D9-A3Z3-06,TCGA-D9-A3Z3
556.757,785.328,379.923,623.552,342.085,1.5444,116.602,446.718,3.861,5.4054,TCGA-D9-A3Z4-01,TCGA-D9-A3Z4
472.195,537.462,637.363,431.235,233.1,0.999,361.971,499.834,3.996,4.662,TCGA-D9-A4Z2-01,TCGA-D9-A4Z2
506.454,100.088,556.283,377.585,358.685,0,81.6169,969.523,0.4296,1.7182,TCGA-D9-A4Z3-01,TCGA-D9-A4Z3
706.851,483.096,1701.96,605.427,112.1,0,177.491,1300.71,0,1.3345,TCGA-D9-A4Z5-01,TCGA-D9-A4Z5
199.8,757.243,887.113,148.352,84.4156,0,85.9141,856.643,15.4845,5.994,TCGA-D9-A4Z6-06,TCGA-D9-A4Z6
579.019,925.068,495.005,1875.11,1588.1,0.4541,346.503,117.166,0,7.7203,TCGA-D9-A6E9-06,TCGA-D9-A6E9
679.587,2155.78,748.985,220.746,115.91,0,311.554,706.534,0.7383,2.2148,TCGA-D9-A6EA-06,TCGA-D9-A6EA
632.932,396.226,335.12,172.706,57.2469,0.6432,471.483,789.236,1.9297,0,TCGA-D9-A6EC-06,TCGA-D9-A6EC
344.762,1003.32,1154.32,120.097,82.2827,0,208.214,1399.1,2.0644,15.3358,TCGA-D9-A6EG-06,TCGA-D9-A6EG
505.079,685.134,837.489,1657.89,654.201,3.6934,225.762,851.339,1.8467,3.2318,TCGA-DA-A1HV-06,TCGA-DA-A1HV
415.032,3738.72,1613.06,1029.45,964.986,3.4229,115.81,1039.72,15.4033,0.8557,TCGA-DA-A1HW-06,TCGA-DA-A1HW
721.132,156.941,134.591,415.197,77.477,1.9866,269.928,2416.19,67.7924,0.4966,TCGA-DA-A1HY-06,TCGA-DA-A1HY
714.775,2850.72,342.346,621.771,378.903,0,685.453,91.0129,0.3808,0,TCGA-DA-A1I0-06,TCGA-DA-A1I0
631.041,878.307,625.75,1287.83,708.289,0.7055,154.497,424.339,3.1746,1.7637,TCGA-DA-A1I1-06,TCGA-DA-A1I1
429.173,10348.3,571.763,1129.02,177.887,0.935,98.878,997.663,62.1786,12.8565,TCGA-DA-A1I2-06,TCGA-DA-A1I2
780.196,878.491,561.117,671.019,308.306,0.7254,76.5325,721.074,14.1458,0,TCGA-DA-A1I4-06,TCGA-DA-A1I4
518.143,891.923,347.249,865.985,978.931,2.7312,205.228,842.762,6.6329,1.1705,TCGA-DA-A1I5-06,TCGA-DA-A1I5
286.154,172.308,171.282,224.274,264.957,0.3419,112.479,4313.16,119.658,4.1026,TCGA-DA-A1I7-06,TCGA-DA-A1I7
543.973,225.413,196.228,445.859,176.667,0.3105,303.966,1312.43,7.1412,0,TCGA-DA-A1I8-06,TCGA-DA-A1I8
540.993,1137.45,887.422,114.009,115.33,0.4402,474.964,61.6265,0,13.6459,TCGA-DA-A1IA-06,TCGA-DA-A1IA
727.44,2545.58,870.905,3319,2671.57,40.9242,299.345,657.087,10.5759,3.6786,TCGA-DA-A1IB-06,TCGA-DA-A1IB
721.218999999999,186.923,776.574,1869.63,381.468,2.0056,168.071,1975.93,8.0225,0.4011,TCGA-DA-A1IC-06,TCGA-DA-A1IC
1617.47,2098.39,207.831,3037.15,2689.76,5.0201,398.594,61.245,2.008,0,TCGA-DA-A3F2-06,TCGA-DA-A3F2
400.462,1255.05,1017.6,303.808,190.421,0.8656,137.334,675.418,3.4622,2.5967,TCGA-DA-A3F3-06,TCGA-DA-A3F3
614.715,189.082,125.396,301.029,183.544,0,395.174,3633.7,28.481,0,TCGA-DA-A3F5-06,TCGA-DA-A3F5
1082.83,1245.91,779.133,2189.09,1622.79,2.5682,340.931,1021.19,6.0995,10.9149,TCGA-DA-A3F8-06,TCGA-DA-A3F8
1836.51,1078.43,1092.36,627.272,451.003,2.653,451.003,309.07,2.653,14.5913,TCGA-DA-A95V-06,TCGA-DA-A95V
646.172,170.678,684.712,468.482,144.15,0,270.782,761.792,1.5016,0,TCGA-DA-A95W-06,TCGA-DA-A95W
609.421,1875.7,384.691,854.433,202.486,0.3271,291.135,920.183000000001,0.9814,0,TCGA-DA-A95X-06,TCGA-DA-A95X
493.267,189.526,656.858,206.823,100.249,0,383.042,407.481,0.4988,3.4913,TCGA-DA-A95Y-06,TCGA-DA-A95Y
657.514,730.491,704.48,473.988,77.3121,0,394.509,774.567,0,0,TCGA-DA-A95Z-06,TCGA-DA-A95Z
527.293,1520.95,248.814,391.261,181.466,2.138,203.915,466.894,3.2071,5.8796,TCGA-EB-A1NK-01,TCGA-EB-A1NK
425.72,2170.23,2614.2,114.617,82.9769,5.7029,118.905,1135.73,4.2772,9.6949,TCGA-EB-A24C-01,TCGA-EB-A24C
785.333,1700.81,1612.67,305.733,173.868,13.0831,109.83,575.314,1.7215,9.9845,TCGA-EB-A24D-01,TCGA-EB-A24D
944.896,564.102,212.149,562.636,901.391,20.0418,638.404,367.595,24.4412,93.8541,TCGA-EB-A299-01,TCGA-EB-A299
620.67,534.402,396.221,322.932,571.047,3.0537,446.608,225.976,13.7418,100.391,TCGA-EB-A3HV-01,TCGA-EB-A3HV
774.971,546.055,764.089,707.346,205.597,1.5546,106.102,1353.28,1.5546,0.7773,TCGA-EB-A3XB-01,TCGA-EB-A3XB
866.085,2189.84,386.352,320.677,273.474,5.1308,521.806,613.135,3.0785,13.3402,TCGA-EB-A3XC-01,TCGA-EB-A3XC
957.5,1522.5,768.75,412.5,1577.5,9.375,493.125,108.75,40,148.75,TCGA-EB-A3XD-01,TCGA-EB-A3XD
977.416,1017.86,239.496,662.815,421.744,1.5756,362.395,161.239,1.5756,27.3109,TCGA-EB-A3XE-01,TCGA-EB-A3XE
625.534,1076.77,561.596,619.369,171.452,2.8507,174.71,566.891,9.3667,8.9595,TCGA-EB-A3XF-01,TCGA-EB-A3XF
719.612,979.12,636.465,605.891,294.183,0.7457,184.937,523.49,1.8643,4.1014,TCGA-EB-A3Y6-01,TCGA-EB-A3Y6
976.815,81.2631,131.016,455.361,53.0698,0,256.504,149.811,0.5528,3.8697,TCGA-EB-A3Y7-01,TCGA-EB-A3Y7
1039.3,615.14,612.54,293.557,51.4302,2.8893,380.815,1056.05,0.2889,2.0225,TCGA-EB-A41A-01,TCGA-EB-A41A
543.952,125.5,968.447,290.065,94.2138,0,215.803,589.814,1.7776,0.3555,TCGA-EB-A41B-01,TCGA-EB-A41B
1093.86,174.915,537.827,272.73,80.2048,0.8532,192.264,1007.96,0.2844,2.5597,TCGA-EB-A42Y-01,TCGA-EB-A42Y
492.412,646.432,471.101,371.531,99.4511,0,379.077,778.172,0.9687,10.6555,TCGA-EB-A42Z-01,TCGA-EB-A42Z
806.109,2676.85,1030.87,472.347,100.643,0,269.132,729.582,0,0.9646,TCGA-EB-A430-01,TCGA-EB-A430
272.292,3384.08,1259.68,151.805,129.187,0,270.117,1663.33,0.435,0.435,TCGA-EB-A431-01,TCGA-EB-A431
646.235,755.4,479.86,409.224,971.395,33.8587,429.656,554.583,23.3508,85.8144,TCGA-EB-A44N-01,TCGA-EB-A44N
685.995,299.315,936.339,170.347,132.419,1.9589,230.363,2650.74,1.9589,6.2684,TCGA-EB-A44O-01,TCGA-EB-A44O
653.327,264.898,424.532,318.834,157.025,0.435,274.467,1238.8,12.1792,9.1344,TCGA-EB-A44P-01,TCGA-EB-A44P
526.422,3937.88,528.842,1379.99,697.459,0.8068,270.674,1241.63,26.6236,0.8068,TCGA-EB-A44Q-06,TCGA-EB-A44Q
619.858,456.883,386.076,876.349,503.165,1.1867,122.231,508.702,4.7468,9.0981,TCGA-EB-A44R-06,TCGA-EB-A44R
617.551,479.243,509.511,147.136,552.391,4.2039,402.733,398.949,8.8282,33.631100000000004,TCGA-EB-A4IQ-01,TCGA-EB-A4IQ
1078.69,1587.68,560.252,1335.73,946.721,38.5378,354.838,913.273,3.9992,5.0899,TCGA-EB-A4IS-01,TCGA-EB-A4IS
947.348999999999,353.829,94.8227,308.806,143.99,0,252.861,94.8227,0.878,5.2679,TCGA-EB-A4OY-01,TCGA-EB-A4OY
1381.71,438.874,17.5901,2466.14,1109.94,1.759,1068.6,85.3122,0.8795,107.3,TCGA-EB-A4OZ-01,TCGA-EB-A4OZ
741.6,961.083,255.741,423.012,93.7878,0,318.105,464.588,3.3841,0.9669,TCGA-EB-A4P0-01,TCGA-EB-A4P0
799.634,1476.67,871.911999999999,361.848,470.265,11.4364,350.869,806.953,41.1711,21.9579,TCGA-EB-A4XL-01,TCGA-EB-A4XL
671.177,1131.26,825.891,1713.13,804.24,11.7276,218.764,262.968,2.2553,0.9021,TCGA-EB-A551-01,TCGA-EB-A551
925.816,968.348,575.668,889.169,161.226,0.9891,765.579,171.118,3.9565,7.913,TCGA-EB-A553-01,TCGA-EB-A553
1340.07,3263.77,819.101,326.933,378.979,3.5371,670.035,162.203,6.0637,49.0147,TCGA-EB-A57M-01,TCGA-EB-A57M
1184.11,1229.98,961.117,98.2519,70.7876,2.6587,311.731,1219.01,1.6617,7.6437,TCGA-EB-A5FP-01,TCGA-EB-A5FP
624.77,400.368,941.754,54.5677,130.595,0,168.608,528.51,0.6131,0,TCGA-EB-A5KH-06,TCGA-EB-A5KH
936.037,1795.76,1277.1,391.638,63.6563,1.0851,228.222,392.788,7.2337,20.9776,TCGA-EB-A5SE-01,TCGA-EB-A5SE
824.779,1236.77,176.221,110.118,836.849,0,751.554,89.3175,4.0233,150.472,TCGA-EB-A5SF-01,TCGA-EB-A5SF
926.198999999999,1578.81,593.569,3024.25,1580.92,8.4344,366.368,472.852,2.1086,0.5271,TCGA-EB-A5SG-06,TCGA-EB-A5SG
2326.11,261.094,1088.24,109.391,303.406,0,245.614,357.585,4.644,19.0918,TCGA-EB-A5SH-06,TCGA-EB-A5SH
524.809,1152.67,871.374,896.565,487.786,13.3588,252.672,769.083999999999,3.0534,0.7634,TCGA-EB-A5UL-06,TCGA-EB-A5UL
1361.16,1211.65,746.278,605.178,456.958,1.2945,500.971,195.469,1.9417,4.5307,TCGA-EB-A5UM-01,TCGA-EB-A5UM
426.608,372.505,612.417,202.217,279.379,0,142.35,2363.64,1.3304,0.4435,TCGA-EB-A5UN-06,TCGA-EB-A5UN
1139.79,237.206,1042.97,297.177,232.18,9.7161,82.754,1262.42,9.381,8.0409,TCGA-EB-A5VU-01,TCGA-EB-A5VU
1534.1,4352.27,363.371,1390.97,5143.27,67.7669,740.178,113.334,19.2785,1.1684,TCGA-EB-A5VV-06,TCGA-EB-A5VV
1178.47,2890.2,527.122,1003.23,1852.01,4.251,328.743,162.01,4.7233,0,TCGA-EB-A6L9-06,TCGA-EB-A6L9
339.655,814.417,1062.74,228.486,335.881,12.0766,284.555,861.968000000001,6.7931,19.6245,TCGA-EB-A6QY-01,TCGA-EB-A6QY
569.306,866.848999999999,661.496,249.918,100.492,0,217.586,191.808,3.9323,6.9907,TCGA-EB-A6QZ-01,TCGA-EB-A6QZ
626.067,527.905,2687.79,544.649,314.511,0.6566,249.508,1302.04,0,3.6113,TCGA-EB-A6R0-01,TCGA-EB-A6R0
571.118,116.11,1096.52,384.474,59.5065,0.3628,243.106,887.518,0.3628,2.1771,TCGA-EE-A17X-06,TCGA-EE-A17X
454.323,220.993,161.118,284.133,330.944,0,269.255,1774.83,11.975,8.7091,TCGA-EE-A17Y-06,TCGA-EE-A17Y
333.582,336.932,595.309,60.3127,28.2949,0.7446,35.7409,498.139,1.1169,39.0916,TCGA-EE-A17Z-06,TCGA-EE-A17Z
1488.18,429.394,2363.03,102.161,105.454,0,142.424,838.788,2.1212,4.5455,TCGA-EE-A180-06,TCGA-EE-A180
544.781,1741.08,1276.43,980.158,695.286,6.3973,329.966,804.377,1.6835,2.0202,TCGA-EE-A181-06,TCGA-EE-A181
599.72,222.274,292.637,349.953,278.658,0.466,179.869,128.145,0.466,6.9897,TCGA-EE-A182-06,TCGA-EE-A182
1363.54,1248.11,897.519,384.581,1092.77,3.2362,373.966,272.204,7.1917,0.7192,TCGA-EE-A183-06,TCGA-EE-A183
638.131,2698.69,2826.54,462.056,448.598,3.7383,277.009,528.598,0.7477,5.2336,TCGA-EE-A184-06,TCGA-EE-A184
759.668,107.182,1520.99,53.0387,31.4917,0.5525,227.072,456.906,0.5525,5.5249,TCGA-EE-A185-06,TCGA-EE-A185
638.363,321.601,421.909,679.943,298.284,7.919,241.531,1345.36,17.1579,1.3198,TCGA-EE-A20B-06,TCGA-EE-A20B
466.887,135.43,498.344,107.285,196.026,0,195.364,1781.13,0.6623,0,TCGA-EE-A20C-06,TCGA-EE-A20C
212.284,986.385,744.4,1071.3,290.132,2.5011,402.683,1121.76,6.5655,0,TCGA-EE-A20F-06,TCGA-EE-A20F
163.726,287.846,192.176,205.007,222.579,1.9524,216.164,652.953,4.4627,11.9936,TCGA-EE-A20H-06,TCGA-EE-A20H
558.742,1372.31,1475.18,207.667,187.535,0,124.379,666.575,6.8946,0,TCGA-EE-A20I-06,TCGA-EE-A20I
641.377,254.596,187.015,125.81,102.433,0,182.765,2449.05,6.8006,2.9752,TCGA-EE-A29A-06,TCGA-EE-A29A
919.411,587.955,1327.99,211.872,58.9255,0,554.159,512.132,0,3.0329,TCGA-EE-A29B-06,TCGA-EE-A29B
497.181,438.006,594.515,350.891,154.851,2.2122,136.6,413.119,7.1895,0,TCGA-EE-A29C-06,TCGA-EE-A29C
799.87,258.144,1669.93,588.126,200.91,1.1777,152.861,1081.33,3.2975,2.5909,TCGA-EE-A29D-06,TCGA-EE-A29D
742.442,1541.36,422.419,205.362,35.3679,0.5705,164.575,1079.58,1.9966,0.2852,TCGA-EE-A29E-06,TCGA-EE-A29E
654.123,640.644,538.051,465.412,506.225,55.4151,391.276,177.853,114.949,100.721,TCGA-EE-A29G-06,TCGA-EE-A29G
1002.97,2403.11,1666.1,247.819,253.43,6.2686,272.683,1211.18,4.4776,1.3433,TCGA-EE-A29H-06,TCGA-EE-A29H
553.562,510.175,1813.59,167.266,24.237,0.8977,157.69,1251.35,0.2992,0.2992,TCGA-EE-A29L-06,TCGA-EE-A29L
600.816,1826.59,1654.88,334.92,309.079,1.7001,111.527,1272.36,1.7001,3.0602,TCGA-EE-A29M-06,TCGA-EE-A29M
937.371,3003.15,877.073,3321.84,817.87,5.4817,150.199,1419.76,6.304,1.0963,TCGA-EE-A29N-06,TCGA-EE-A29N
510.397,841.681999999999,1073.25,1850.19,988.185,6.6163,177.694,1017.96,0.9452,12.7599,TCGA-EE-A29P-06,TCGA-EE-A29P
469.822,487.517,341.486,350.841,270.097,0.2034,131.591,645.345,1.2203,0,TCGA-EE-A29Q-06,TCGA-EE-A29Q
747.419,491.29,304.839,148.065,126.129,0,185.484,788.71,60.3226,6.129,TCGA-EE-A29R-06,TCGA-EE-A29R
335.548,528.843,1424.34,516.762,274.237,0.302,226.82,1575.35,7.5506,0.302,TCGA-EE-A29S-06,TCGA-EE-A29S
359.91,417.834,309.471,870.162,976.247999999999,8.4608,75.4965,1961.93,11.0641,0,TCGA-EE-A29T-06,TCGA-EE-A29T
459.359,418.718,620.492,160.824,76.1305,0,139.954,401.546,1.431,2.0034,TCGA-EE-A29V-06,TCGA-EE-A29V
631.655,341.007,167.626,198.561,91.3669,0,47.1223,2762.23,16.9065,21.5827,TCGA-EE-A29W-06,TCGA-EE-A29W
2018.42,1617.68,731.86,866.667,810.681,1.105,281.031,616.206,4.7882,0.7366,TCGA-EE-A29X-06,TCGA-EE-A29X
382.453,2203.41,885.869,1054.86,760.756,87.1638,8.8943,1538.71,52.1797,0,TCGA-EE-A2A0-06,TCGA-EE-A2A0
698.389,9531.39,1386.01,1277.59,1053.06,2.8835,129.951,557.481,26.1439,1.5379,TCGA-EE-A2A1-06,TCGA-EE-A2A1
1768.05,393.644,1594.09,667.689,460.831,5.8545,206.858,2232.23,3.3454,0,TCGA-EE-A2A2-06,TCGA-EE-A2A2
445.633,784.908,519.311,680.036,123.886,0,90.9091,1087.34,12.7748,1.1884,TCGA-EE-A2A5-06,TCGA-EE-A2A5
1065.91,874.501,1796.94,999.917,689.414,1.3316,424.101,1668.78,0.9987,9.6538,TCGA-EE-A2A6-06,TCGA-EE-A2A6
630.801,205.424,1535.92,388.301,126.26,2.0041,335.442,1929.48,6.764,2.0041,TCGA-EE-A2GB-06,TCGA-EE-A2GB
621.864,2832.44,1922.94,957.885,518.817,112.903,175.627,2163.98,0,5.3763,TCGA-EE-A2GC-06,TCGA-EE-A2GC
446.665,1479.44,535.602,832.72,372.001,5.7096,110.019,5389.62,6.3684,0,TCGA-EE-A2GD-06,TCGA-EE-A2GD
724.923,1129.55,650.799,1234.89,1280.52,11.9007,174.43,360.422,19.3812,2.3801,TCGA-EE-A2GE-06,TCGA-EE-A2GE
629.402,2432.09,376.188,2150.36,1117.94,16.2102,362.214,524.874,9.5025,12.8563,TCGA-EE-A2GH-06,TCGA-EE-A2GH
543.422,2036.11,470.57,667.371,587.822,3.7521,248.886,541.859,5.0027,0.6253,TCGA-EE-A2GI-06,TCGA-EE-A2GI
708.805,1546.92,1442.79,1172.9,402.552,0.3403,104.126,1777.29,1.7014,7.4862,TCGA-EE-A2GJ-06,TCGA-EE-A2GJ
1075.16,6187.26,587.686,1398.73,5600.42,26.7516,506.157,151.168,28.0255,7.2187,TCGA-EE-A2GK-06,TCGA-EE-A2GK
831.669,1936.95,924.963999999999,643.937,1812.27,11.9829,284.451,581.455,10.271,0,TCGA-EE-A2GL-06,TCGA-EE-A2GL
259.026,3659.14,975.657,524.55,112.989,0,98.5826,672.847,2.5422,5.0845,TCGA-EE-A2GM-06,TCGA-EE-A2GM
721.74,1269.49,983.844,342.58,250.971,0,136.778,183.854,2.8628,40.7152,TCGA-EE-A2GN-06,TCGA-EE-A2GN
703.778,419.605,248.688,231.833,120.352,0.2957,191.617,6651.88,20.1079,0,TCGA-EE-A2GO-06,TCGA-EE-A2GO
1019.12,1904.41,1208.74,671.479,279.36,0.7803,235.661,1151.39,29.2626,3.1213,TCGA-EE-A2GP-06,TCGA-EE-A2GP
983.812,889.817,2944.75,35.5091,19.6345,1.2533,149.974,1366.48,2.0888,0,TCGA-EE-A2GR-06,TCGA-EE-A2GR
330.564,255.193,501.78,372.329,493.472,0,116.617,328.783,3.2641,3.2641,TCGA-EE-A2GS-06,TCGA-EE-A2GS
827.988,5986.88,788.63,479.757,1382.9,3.4014,374.636,199.222,5.8309,0.4859,TCGA-EE-A2GT-06,TCGA-EE-A2GT
390.853,1039.56,845.914,662.493,696.605,1.0192,175.298,909.357,1.0192,5.6055,TCGA-EE-A2GU-06,TCGA-EE-A2GU
534.008,129.055,371.12,344.601,242.065,2.4416,350.192,5240.32,4.1856,0,TCGA-EE-A2M5-06,TCGA-EE-A2M5
435.014,1680.15,757.784,726.38,230.301,0.5816,105.555,1436.48,0,3.1986,TCGA-EE-A2M6-06,TCGA-EE-A2M6
680.606,547.585,120.764,385.364,601.298,26.6763,122.206,1030.64,62.3648,7.5703,TCGA-EE-A2M7-06,TCGA-EE-A2M7
693.298,6495.35,711.721,2616.41,2184.04,20.6786,218.442,454.554,7.1435,0,TCGA-EE-A2M8-06,TCGA-EE-A2M8
1077.94,477.702,288.469,2341.99,758.538,5.6247,251.105,1462.43,1.6071,0.4018,TCGA-EE-A2MC-06,TCGA-EE-A2MC
228.75,2521.62,1593.5,504.08,303.907,8.649,172.681,1266.03,6.5613,2.0877,TCGA-EE-A2MD-06,TCGA-EE-A2MD
840.471,5542.29,1291.22,1570.52,3080.3,18.7366,279.443,853.854,49.7859,0,TCGA-EE-A2ME-06,TCGA-EE-A2ME
258.147,115.047,1098.89,789.459,164.919,0,207.424,1280.82,0,7.9343,TCGA-EE-A2MF-06,TCGA-EE-A2MF
756.63,3136.33,545.042,937.083000000001,1947.15,11.0481,285.578,443.265,44.5274,1.674,TCGA-EE-A2MG-06,TCGA-EE-A2MG
448.859,1877.95,700.602,1035.17,944.322,1.528,259.001,673.479,1.146,2.6741,TCGA-EE-A2MH-06,TCGA-EE-A2MH
669.698,815.207,384.942,2579.45,375.997,1.1927,156.243,1598.81,6.5598,9.2434,TCGA-EE-A2MI-06,TCGA-EE-A2MI
566.488,3283.24,2533.55,1143.68,1401.4,13.9975,237.546,1382.05,15.2326,9.0572,TCGA-EE-A2MJ-06,TCGA-EE-A2MJ
525.605,979.357,556.173,1055.97,568.48,1.1909,128.623,315.998,1.1909,3.1759,TCGA-EE-A2MK-06,TCGA-EE-A2MK
233.075,852.681,457.16,1041.77,539.988,0.321,222.48,1502.79,1.2842,0,TCGA-EE-A2ML-06,TCGA-EE-A2ML
1171.24,146.144,598.92,727.431,225.94,3.8852,146.144,734.305,0.5977,3.5863,TCGA-EE-A2MM-06,TCGA-EE-A2MM
444.406,2384.29,1317.72,1025.39,526.742,2.067,113.341,877.444,2.4115,0,TCGA-EE-A2MN-06,TCGA-EE-A2MN
552.054,1960.15,341.057,1069.2,528.576,0.6179,288.23,749.15,14.2107,2.1625,TCGA-EE-A2MP-06,TCGA-EE-A2MP
593.675,274.665,988.656,179.099,318.666,2.7501,177.037,1705.74,17.188,1.0313,TCGA-EE-A2MQ-06,TCGA-EE-A2MQ
1156.25,2152.56,270.454,2869.89,1950.57,20.4545,178.409,2388.64,10.5114,0.2841,TCGA-EE-A2MR-06,TCGA-EE-A2MR
380.711,619.289,893.038,862.219,540.247,5.4387,107.687,802.03,5.8013,3.9884,TCGA-EE-A2MS-06,TCGA-EE-A2MS
1358.79,91.078,718.778,264.619,106.258,2.4616,488.211,1618.89,0.8205,0,TCGA-EE-A2MT-06,TCGA-EE-A2MT
641.764,878.366,722.113,1789.44,649.286,1.3676,270.109,442.773,2.0515,1.3676,TCGA-EE-A2MU-06,TCGA-EE-A2MU
403.827,1546.92,568.695,443.245,671.28,0.8142,348.056,1652.76,4.4779,0.8142,TCGA-EE-A3AA-06,TCGA-EE-A3AA
457.249,836.176,323.219,1351.22,661.329,9.3766,129.618,2106.99,4.4125,3.3094,TCGA-EE-A3AB-06,TCGA-EE-A3AB
506.345,309.861,1824.33,651.137,302.722,2.8559,193.913,1457.63,0,1.1423,TCGA-EE-A3AC-06,TCGA-EE-A3AC
592.318,2477.16,2155.04,113.455,89.3423,0,85.9417,1564.88,3.0914,7.7286,TCGA-EE-A3AD-06,TCGA-EE-A3AD
457.379,4533.94,2045.82,1199.66,383.948,1.9923,153.693,918.742,8.2539,5.1231,TCGA-EE-A3AE-06,TCGA-EE-A3AE
432.203,2986.9,1788.91,932.203,264.638,0.3852,280.817,675.655,1.5408,1.5408,TCGA-EE-A3AF-06,TCGA-EE-A3AF
560.665,169.03,138.376,551.955,223.75,1.4325,141.527,2774.67,4.5839,0,TCGA-EE-A3AG-06,TCGA-EE-A3AG
362.967,3266.09,708.138,250.364,65.9661,0.3068,212.626,499.195,4.6023,90.8184,TCGA-EE-A3AH-06,TCGA-EE-A3AH
452.709,1923.05,1054.18,363.257,350.753,0,243.347,397.563,20.5194,6.0917,TCGA-EE-A3J3-06,TCGA-EE-A3J3
1111.72,1054.83,1058.6,248.406,98.6977,0.6854,324.88,1052.43,0.6854,0,TCGA-EE-A3J4-06,TCGA-EE-A3J4
758.164,1589.59,1029.4,1184.1,353.015,7.1557,214.33,819.839,8.1779,0.3407,TCGA-EE-A3J5-06,TCGA-EE-A3J5
307.692,399.043,1271.82,197.207,97.5233,0,270.967,478.667,6.1724,1.2345,TCGA-EE-A3J7-06,TCGA-EE-A3J7
188.823,304.27,1062.5,88.0523,192.737,0,14.6754,2443.94,19.5672,0.9784,TCGA-EE-A3J8-06,TCGA-EE-A3J8
254.237,3539.55,1868.17,444.444,402.072,16.0075,37.6648,905.838,4.7081,0,TCGA-EE-A3JA-06,TCGA-EE-A3JA
770.515,287.891,224.784,840.835,410.801,0,303.217,2120.42,4.8082,0.9015,TCGA-EE-A3JB-06,TCGA-EE-A3JB
639.344,2112.52,322.653,3720.57,1779.43,29.0611,125.931,1092.4,5.2161,0,TCGA-EE-A3JD-06,TCGA-EE-A3JD
836.021,1682.8,848.566,1495.52,1773.3,36.7384,59.1398,922.043,31.362,0,TCGA-EE-A3JE-06,TCGA-EE-A3JE
862.611,1863.71,838.717,2303.06,1818.36,4.8763,295.014,584.177,9.7525,0,TCGA-EE-A3JH-06,TCGA-EE-A3JH
962.095,2253.37,1404.74,226.406,95.0125,0.2494,322.195,967.83,9.9751,0.2494,TCGA-EE-A3JI-06,TCGA-EE-A3JI
1199.35,1003.17,1559.59,720.167,548.39,0,321.619,1070.21,18.8461,2.7806,TCGA-ER-A193-06,TCGA-ER-A193
768.134,393.806,193.555,398.066,256.248,0,325.635,92.5169,7.304,0,TCGA-ER-A194-01,TCGA-ER-A194
791.942,2341.44,426.19,1104.84,987.843,3.1261,150.399,407.086,23.6193,1.7367,TCGA-ER-A195-06,TCGA-ER-A195
633.777,1038.37,926.650999999999,247.455,901.07,18.272,237.014,644.218,18.272,69.9556,TCGA-ER-A196-01,TCGA-ER-A196
757.558,793.447,697.484,1426.96,877.706,2.3406,90.1112,521.553,6.2415,8.9721,TCGA-ER-A197-06,TCGA-ER-A197
911.574,1747.68,2057.17,292.594,211.49,0.8448,176.852,951.844999999999,1.9713,4.2242,TCGA-ER-A198-06,TCGA-ER-A198
1024.03,974.051,711.677,1086.5,2370.98,4.8054,308.986,806.824,0,0.9611,TCGA-ER-A199-06,TCGA-ER-A199
932.418,2362.24,418.937,2131,1621.96,3.8816,225.688,883.621,58.2242,11.9221,TCGA-ER-A19A-06,TCGA-ER-A19A
600.902,669.209,798.197,230.752,305.825,1.387,192.094,1432.04,54.785,9.362,TCGA-ER-A19B-06,TCGA-ER-A19B
501.703,2987.27,2337.1,278.644,93.9573,0.3586,80.3299,2069.93,7.5309,2.1517,TCGA-ER-A19C-06,TCGA-ER-A19C
443.143,1467.1,160.686,1141.54,473.69,3.7661,83.6908,628.099,61.0943,12.9721,TCGA-ER-A19D-06,TCGA-ER-A19D
606.29,291.401,181.131,982.484,555.732,2.7866,106.688,613.455,3.9809,14.3312,TCGA-ER-A19E-06,TCGA-ER-A19E
657.76,683.301,1735.56,294.695,112.377,0,203.143,1214.93,1.9646,0,TCGA-ER-A19F-06,TCGA-ER-A19F
561.369,2101.68,1172.25,1418.71,468.172,2.5484,257.021,513.678,1.0922,1.8203,TCGA-ER-A19G-06,TCGA-ER-A19G
361.194,1249.55,1113.64,1255.4,438.859,2.6598,119.157,342.044,60.3764,41.4921,TCGA-ER-A19H-06,TCGA-ER-A19H
461.416,3009.05,1164.82,1285.81,212.273,0.7159,162.158,1241.78,12.5288,5.3695,TCGA-ER-A19J-06,TCGA-ER-A19J
1959.62,593.146,1693.93,630.092,224.975,1.3573,265.694,1479.81,4.0719,21.3777,TCGA-ER-A19K-01,TCGA-ER-A19K
519.456,293.483,980.309,233.474,200.656,4.2194,52.977,3098.92,37.5059,1.4065,TCGA-ER-A19L-06,TCGA-ER-A19L
350.131,1051.14,1260.92,1191.49,394.55,1.1198,128.406,2406.12,1.8664,0,TCGA-ER-A19M-06,TCGA-ER-A19M
564.93,2001.84,1039.22,2290.82,861.275999999999,6.0206,350.531,571.285,6.6895,2.3413,TCGA-ER-A19N-06,TCGA-ER-A19N
935.072,1482.99,609.759,2654.12,762.468,0,526.415,233.902,0,0,TCGA-ER-A19O-06,TCGA-ER-A19O
1029.45,2796.5,1233.57,2812.42,2788.36,7.0753,324.401,660.83,7.429,4.2452,TCGA-ER-A19P-06,TCGA-ER-A19P
461.948,1586.91,1418.1,1986.85,704.353,0,249.608,569.684,2.1923,0.9396,TCGA-ER-A19Q-06,TCGA-ER-A19Q
668.172,1598.19,778.029,2139.48,1701.66,26.7118,268.623,1220.84,0.7524,19.5636,TCGA-ER-A19S-06,TCGA-ER-A19S
685.393,757.753,430.562,341.533,26.9663,0.4494,82.6966,2293.03,1.7978,3.5955,TCGA-ER-A19T-01,TCGA-ER-A19T
795.558,1868.76,819.367,872.111000000001,145.779,0,402.175,433.308,0.3663,0,TCGA-ER-A19T-06,TCGA-ER-A19T
697.51,1249.91,1074.3,3043.91,1218.17,0,234.152,793.562,3.7102,11.5427,TCGA-ER-A19W-06,TCGA-ER-A19W
860.297,5152.14,803.151,1608.02,4332.12,86.4084,390.043,151.817,19.6226,0.3443,TCGA-ER-A1A1-06,TCGA-ER-A1A1
430.294,245.699,72.0373,383.341,1314.04,1.9296,847.082,103.554,5.1455,70.7509,TCGA-ER-A2NB-01,TCGA-ER-A2NB
970.15,972.753,200.732,1442.54,536.153,0,84.9126,615.535,16.5921,6.1814,TCGA-ER-A2NC-06,TCGA-ER-A2NC
169.111,537.964,214.84,409.771,92.321,1.7256,249.784,479.724,32.3555,0.8628,TCGA-ER-A2ND-06,TCGA-ER-A2ND
375.859,863.161,1148.49,112.638,234.837,0,216.911,1505.83,1.1951,0.8963,TCGA-ER-A2NE-06,TCGA-ER-A2NE
404.454,857.399,1419.18,337.284,482.399,6.4655,142.601,377.874,7.5431,8.9799,TCGA-ER-A2NF-01,TCGA-ER-A2NF
292.545,471.385,1617.85,206.325,196.16,3.012,129.518,465.738,0.3765,0.753,TCGA-ER-A2NF-06,TCGA-ER-A2NF
570.472,624.636,1794.41,992.135,883.518,1.1648,124.345,896.622,4.3681,2.3296,TCGA-ER-A2NG-06,TCGA-ER-A2NG
729.255,1048.4,513.298,2039.91,1404.26,4.2553,222.872,1566.49,2.6596,2.1277,TCGA-ER-A2NH-06,TCGA-ER-A2NH
251.12,181.815,1264.6,45.0036,27.0022,0,44.1035,386.131,3.6003,0,TCGA-ER-A3ES-06,TCGA-ER-A3ES
1303.52,572.509,538.008,1235.02,286.504,8.5001,261.004,1213.02,8.0001,0.5,TCGA-ER-A3ET-06,TCGA-ER-A3ET
394.767,756.542,734.926,246.382,332.196,3.413,28.4414,180.887,1.1377,250.284,TCGA-ER-A3EV-06,TCGA-ER-A3EV
707.362,256.749,528.245,1189.17,200.802,0,123.17,879.974,2.6022,0.8674,TCGA-ER-A3PL-06,TCGA-ER-A3PL
736.422,132.95,506.917,518.801,95.8128,0,114.753,805.496,3.3423,0,TCGA-ER-A42H-01,TCGA-ER-A42H
409.037,357.511,315.894,162.109,180.341,0.7927,94.3321,1140.31,45.977,3.1708,TCGA-ER-A42K-06,TCGA-ER-A42K
761.531,1006.54,604.187,2252.86,1435.39,6.5424,170.101,1070,16.0288,1.6356,TCGA-ER-A42L-06,TCGA-ER-A42L
561.794,842.041,704.91,244.858,100.181,0,105.906,908.654,3.3827,0,TCGA-FR-A2OS-01,TCGA-FR-A2OS
618.509,2226.7,969.374,232.69,143.475,11.984,312.25,2557.92,0,0,TCGA-FR-A3R1-01,TCGA-FR-A3R1
302.008,292.697,796.916,531.446,304.626,2.0367,124.527,919.697,0.5819,0,TCGA-FR-A3YN-06,TCGA-FR-A3YN
1571.43,206.516,498.246,215.539,97.2431,0,334.336,201.504,0,1.0025,TCGA-FR-A3YO-06,TCGA-FR-A3YO
608.396,2178.88,731.516,2667.61,1208.65,1.2531,291.98,893.17,0,1.2531,TCGA-FR-A44A-06,TCGA-FR-A44A
630.783,837.634,775.356,212.189,237.544,0.4448,89.4128,750,7.5623,5.3381,TCGA-FR-A69P-06,TCGA-FR-A69P
558.397,2518.3,610.441,547.07,133.17,0.3061,216.44,857.801,7.3473,1.8368,TCGA-FR-A726-01,TCGA-FR-A726
1031.49,828.511,505.532,1661.28,548.936,0,405.532,866.383,0.4255,0,TCGA-FR-A728-01,TCGA-FR-A728
1108.72,975.61,717.652,1673.83,1339.4,8.2679,267.053,224.886,1.6536,0.4134,TCGA-FR-A729-06,TCGA-FR-A729
634.062,495.531,754.221,140.482,51.6385,0,326.713,360.973,0,21.8471,TCGA-FR-A7U8-06,TCGA-FR-A7U8
944.633,365.712,119.961,7594.46,455.075,4.3711,144.245,736.765,2.914,0,TCGA-FR-A7U9-06,TCGA-FR-A7U9
1395.23,1592.04,424.403,3798.94,2654.64,16.4456,294.43,309.284,1.5915,6.366,TCGA-FR-A7UA-06,TCGA-FR-A7UA
432.698,1358.17,774.119,753.466,282.496,1.1554,285.962,1168.69,3.4662,2.3108,TCGA-FR-A8YC-06,TCGA-FR-A8YC
1085.65,1397.52,750.738,253.987,179.563,1.1813,350.266,223.863,10.632,12.9947,TCGA-FR-A8YD-06,TCGA-FR-A8YD
761.675,2514.49,471.82,2008.86,2283.41,8.8567,315.217,1191.22,33.8164,2.0129,TCGA-FR-A8YE-06,TCGA-FR-A8YE
348.241,6954.62,2050.97,318.316,183.821,2.3019,363.696,1575.14,9.8652,6.5768,TCGA-FS-A1YW-06,TCGA-FS-A1YW
300.292,667.287,589.955,318.629,194.791,0.5315,122.509,1691.47,74.6745,0.5315,TCGA-FS-A1YX-06,TCGA-FS-A1YX
581.902,975.135,2384.26,196.606,77.416,0,207.639,1020.51,13.5863,0,TCGA-FS-A1YY-06,TCGA-FS-A1YY
433.219,561.301,766.438,1230.82,543.151,0.3425,119.52,440.753,3.0822,11.9863,TCGA-FS-A1Z0-06,TCGA-FS-A1Z0
475.442,1234.35,958.181,248.967,360.09,0,140.893,1709.8,3.3679,3.3679,TCGA-FS-A1Z3-06,TCGA-FS-A1Z3
540.533,1741.08,488.547,953.413999999999,1441.8,26.4235,155.382,185.826,18.0943,2.8721,TCGA-FS-A1Z4-06,TCGA-FS-A1Z4
618.475,4035.37,474.931,679.485,245.536,0,208.104,451.923,33.9973,2.0604,TCGA-FS-A1Z7-06,TCGA-FS-A1Z7
467.12,433.241,129.822,685.297,228.763,2.6984,167,870.979,6.2962,2.9982,TCGA-FS-A1ZA-06,TCGA-FS-A1ZA
946.902,1204.7,1268.13,523.803,492.576,5.5975,367.255,627.225,20.835,14.3046,TCGA-FS-A1ZB-06,TCGA-FS-A1ZB
1007.84,102.201,96.7742,273.44,478.143,0.9044,163.702,2443.17,1.8089,11.4561,TCGA-FS-A1ZC-06,TCGA-FS-A1ZC
1177.9,1251.58,248.338,1068.06,1262.84,0,73.0004,821.083000000001,9.5514,38.888,TCGA-FS-A1ZD-06,TCGA-FS-A1ZD
981.904000000001,2622.99,1990.28,203.418,56.3003,2.3458,217.158,1329.42,7.3727,4.0214,TCGA-FS-A1ZE-06,TCGA-FS-A1ZE
524.564,630.428,290.016,919.81,63.3914,0,158.796,751.189,11.0935,0.9509,TCGA-FS-A1ZF-06,TCGA-FS-A1ZF
708.712,465.459,3804.03,65.8613,43.4575,0,98.1209,883.362,0.2733,1.9132,TCGA-FS-A1ZG-06,TCGA-FS-A1ZG
622.166,815.602,196.924,1823.69,1258.6,15.2212,160.774,1486.92,20.2949,1.9026,TCGA-FS-A1ZH-06,TCGA-FS-A1ZH
1056.11,387.013,951.825999999999,450.49,178.771,0.3239,88.09,262.651,1.9432,0,TCGA-FS-A1ZJ-06,TCGA-FS-A1ZJ
538.523,448.428,2325.51,229.041,42.7074,0.2925,277.891,562.217,2.0476,4.0952,TCGA-FS-A1ZK-06,TCGA-FS-A1ZK
538.611,806.619,1402.34,1852.2,598.637,1.6223,203.115,1933.48,7.7872,1.9468,TCGA-FS-A1ZM-06,TCGA-FS-A1ZM
585.145,736.715,708.333,149.155,135.266,4.8309,248.792,907.307,67.3309,17.5121,TCGA-FS-A1ZN-01,TCGA-FS-A1ZN
384.037,1350.6,1057.62,1102.2,448.043,0.762,7.2388,392.799,12.9536,3.8099,TCGA-FS-A1ZP-06,TCGA-FS-A1ZP
240.935,594.375,534.833,387.219,272.782,4.8464,546.257,436.521,2.077,2.077,TCGA-FS-A1ZQ-06,TCGA-FS-A1ZQ
545.067,779.357,1202.16,566.676,187.376,3.412,197.612,729.315,18.4817,15.6383,TCGA-FS-A1ZR-06,TCGA-FS-A1ZR
473.887,254.469,191.728,378.198,185.068,0.701,151.42,7308.45,22.082,1.0515,TCGA-FS-A1ZS-06,TCGA-FS-A1ZS
444.598,1385.45,942.919000000001,911.942,773.138,17.5635,91.6057,784.158,7.9208,0.6888,TCGA-FS-A1ZT-06,TCGA-FS-A1ZT
680.437,469.421,759.012,219.117,50.2228,0,29.9716,565.006,0.81,2.8352,TCGA-FS-A1ZU-06,TCGA-FS-A1ZU
605.549,1450.49,1288.36,1283.3,961.915,62.0239,17.9543,1507.07,1.0881,0.5441,TCGA-FS-A1ZW-06,TCGA-FS-A1ZW
423.216,1998.7,2008.33,50.3564,709.433,0,137.369,65.5374,1.4811,15.181,TCGA-FS-A1ZY-06,TCGA-FS-A1ZY
551.89,635.084,1638.71,366.955,36.563,0.7948,196.857,1738.07,1.3247,1.3247,TCGA-FS-A1ZZ-06,TCGA-FS-A1ZZ
686.83,105.418,618.411,181.178,64.6014,0.8809,245.779,1253.85,2.0555,0.2936,TCGA-FS-A4F0-06,TCGA-FS-A4F0
3277.28,182.85,519.853,1395.58,139.806,0.3337,363.697,1287.29,1.3347,0.3337,TCGA-FS-A4F2-06,TCGA-FS-A4F2
1266.21,384.828,871.724,510.345,258.621,0,169.655,516.552,2.7586,0,TCGA-FS-A4F4-06,TCGA-FS-A4F4
692.231,2788.52,1030.61,697.389,104.883,0,145.461,389.616,2.751,7.5654,TCGA-FS-A4F5-06,TCGA-FS-A4F5
696.216,4090.75,1078.22,804.933,1704.51,20.8907,247.704,409.714,35.8127,0.8527,TCGA-FS-A4F8-06,TCGA-FS-A4F8
757.628,456.726,990.597,123.201,71.3874,0.3838,66.0142,1071.2,0.7676,3.838,TCGA-FS-A4F9-06,TCGA-FS-A4F9
503.998,942.911,188.745,275.389,84.6098,0.4068,137.898,1290.3,6.5084,40.271,TCGA-FS-A4FB-06,TCGA-FS-A4FB
508.704,729.462,1101.39,1424.65,232.756,6.8558,219.387,2396.46,5.8275,8.227,TCGA-FS-A4FC-06,TCGA-FS-A4FC
530.353,420.427,730.517,1018.05,148.072,0.8203,77.5226,872.847,10.2543,3.2814,TCGA-FS-A4FD-06,TCGA-FS-A4FD
708.645,353.967,530.061,704.02,344.361,4.6247,122.021,644.255,9.6051,14.2298,TCGA-FW-A3I3-06,TCGA-FW-A3I3
1708.36,487.525,1405.93,345.583,218.476,4.383,141.268,1919.08,7.7546,0,TCGA-FW-A3R5-06,TCGA-FW-A3R5
764.348,585.568,239.409,302.583,121.259,0.5182,874.725,231.636,5.182,0,TCGA-FW-A3TU-06,TCGA-FW-A3TU
289.465,3971.43,2144.6,653.744,211.385,1.6323,149.629,1216.35,0,0,TCGA-FW-A3TV-06,TCGA-FW-A3TV
512.736,2039.54,1370.85,221.425,77.977,0.3678,221.425,880.919,4.4138,4.4138,TCGA-FW-A5DX-01,TCGA-FW-A5DX
780.286,2114.69,413.634,928.604,1694.15,25.3339,339.935,1154.77,3.2243,0,TCGA-FW-A5DY-06,TCGA-FW-A5DY
482.442,512.18,1705.16,116.103,133.818,1.2654,73.7109,391.648,4.7453,11.3888,TCGA-GF-A2C7-01,TCGA-GF-A2C7
586.928,250.166,206.038,636.364,227.273,0.9954,26.5428,1319.84,2.9861,2.6543,TCGA-GF-A3OT-06,TCGA-GF-A3OT
1002.87,820.681,1151.14,3262.08,1820.27,12.0367,315.689,889.071,1.0942,0.5471,TCGA-GF-A4EO-06,TCGA-GF-A4EO
299.314,203.915,391.931,402.266,386.763,0.795,161.781,480.572,3.5775,1.9875,TCGA-GF-A6C8-06,TCGA-GF-A6C8
1140.85,1630.89,134.511,4967.53,1045.74,42.1196,696.105,481.431,0.9058,1.3587,TCGA-GF-A6C9-06,TCGA-GF-A6C9
643.72,627.243,402.05,401.318,104.724,0.3662,198.462,2007.69,20.8715,0.3662,TCGA-GF-A769-01,TCGA-GF-A769
643.349,1214.29,260.583,608.191,412.935,0,165.551,289.997,15.4615,12.4446,TCGA-GN-A262-06,TCGA-GN-A262
383.864,322.723,216.829,530.728,220.611,0.6303,28.3643,896.313,13.867,0,TCGA-GN-A263-01,TCGA-GN-A263
867.788,782.836,1230.79,228.182,118.295,0,126.124,2125.54,7.8284,0,TCGA-GN-A264-06,TCGA-GN-A264
534.957,967.505,203.026,2202.49,1115.03,12.1744,459.762,1087.1,11.4582,3.5807,TCGA-GN-A265-06,TCGA-GN-A265
2272.72,796.058,342.995,9803.8,844.528,7.7418,143.391,6087.06,7.7418,0.3366,TCGA-GN-A266-06,TCGA-GN-A266
384.997,523.869,249.845,547.427,223.187,0,232.486,355.859,1.8599,11.7793,TCGA-GN-A267-06,TCGA-GN-A267
356.934,388.753,2742.06,105.852,76.5535,0.315,320.39,1498.94,1.2601,0.315,TCGA-GN-A268-06,TCGA-GN-A268
541.227,627.037,160.115,1135.67,1351.87,0.9588,251.678,2649.09,1.4382,0.9588,TCGA-GN-A26A-06,TCGA-GN-A26A
3821.68,523.472,115.164,8265.45,874.367,20.2634,433.637,849.375,1.0132,0,TCGA-GN-A26C-01,TCGA-GN-A26C
309.041,2144.57,5357.4,325.087,119.159,1.4858,142.931,943.169,0.5943,0,TCGA-GN-A26D-06,TCGA-GN-A26D
631.005,118.288,489.705,233.75,900.686,0.4037,465.886,1959.22,0,0,TCGA-GN-A4U3-06,TCGA-GN-A4U3
667.267,329.054,3529.4,291.357,172.278,0.7046,213.85,304.04,2.8184,5.2846,TCGA-GN-A4U4-06,TCGA-GN-A4U4
613.702,559.224,501.857,716.467,849.36,7.4288,352.456,470.904,5.778,18.572,TCGA-GN-A4U5-01,TCGA-GN-A4U5
532.736,703.394,469.942,251.07,73.4285,0,190.408,359.546,0,0,TCGA-GN-A4U7-06,TCGA-GN-A4U7
885.141,894.779,320.482,1106.02,708.434,2.008,250.602,455.02,2.4096,1.2048,TCGA-GN-A4U8-06,TCGA-GN-A4U8
388.906,374.673,106.75,619.868,1183.46,0.4186,174.15,364.626,54.8404,0.8373,TCGA-GN-A4U9-06,TCGA-GN-A4U9
821.032,333.333,729.86,89.2426,25.0844,0,558.128,517.125,0,3.3767,TCGA-GN-A8LK-06,TCGA-GN-A8LK
543.344,2380.03,487.616,260.836,55.7276,0.774,151.703,181.115,0,2.322,TCGA-GN-A8LL-06,TCGA-GN-A8LL
485.936,2791.28,438.647,908.276,1465.96,1.223,152.466,295.149,13.0453,6.115,TCGA-GN-A9SD-06,TCGA-GN-A9SD
762.364,497.119,337.49,1199.97,776.469,77.406,479.573,2408.19,9.6328,0.344,TCGA-HR-A2OG-06,TCGA-HR-A2OG
681.109,1153.4,799.766,2469.06,1782.59,5.4645,183.45,456.675,1.5613,4.2935,TCGA-HR-A2OH-06,TCGA-HR-A2OH
654.509,981.264,250.812,481.639,82.9378,0,594.554,656.508,0,0,TCGA-IH-A3EA-01,TCGA-IH-A3EA
661.409,419.772,236.689,121.643,79.9958,0.4123,249.884,1079.12,40.4102,7.0099,TCGA-LH-A9QB-06,TCGA-LH-A9QB
486.453,392.28,540.711,724.066,103.527,3.1183,230.753,866.572,10.914,1.2473,TCGA-OD-A75X-06,TCGA-OD-A75X
681.426,484.186,385.854,987.348999999999,774.008,0.575,773.433,73.6055,0,1.7251,TCGA-QB-A6FS-06,TCGA-QB-A6FS
837.712,1794.76,140.812,711.22,277.646,0,857.601,514.72,3.1822,7.1599,TCGA-QB-AA9O-06,TCGA-QB-AA9O
687.87,1607.99,1068.54,403.846,141.026,0,223.866,130.178,0.9862,0,TCGA-RP-A690-06,TCGA-RP-A690
964.971,399.712,774.472,1438.58,365.643,4.3186,147.793,784.549,3.8388,0,TCGA-RP-A693-06,TCGA-RP-A693
794.05,2113.07,1278.69,850.138999999999,170.101,1.0998000000000001,232.423,582.523,0.7332,2.5662,TCGA-RP-A694-06,TCGA-RP-A694
596.188,881.657,1352.02,376.566,232.398,0.428,185.747,291.888,0.428,0,TCGA-RP-A695-06,TCGA-RP-A695
418.794,532.972,1050.94,545.473,250.026,0.8334,179.602,203.355,6.2507,2.917,TCGA-RP-A6K9-06,TCGA-RP-A6K9
1159.84,701.036,592.008,365.565,323.631,0.9867,441.046,753.33,0.4933,0,TCGA-W3-A824-06,TCGA-W3-A824
1065.36,411.294,103.602,1944.42,659.849,7.5589,303.246,661.183,12.0053,7.1143,TCGA-W3-A825-06,TCGA-W3-A825
1490.79,1382.27,164.729,546.512,547.965,18.4109,228.198,823.643,109.496,13.0814,TCGA-W3-A828-06,TCGA-W3-A828
856.584,266.192,657.651,323.843,72.242,0,190.392,893.95,3.2028,0.3559,TCGA-W3-AA1O-06,TCGA-W3-AA1O
318.6,4416.05,1011.51,312.109,394.329,2.7046,208.794,1936.48,4.8683,0,TCGA-W3-AA1Q-06,TCGA-W3-AA1Q
577.889,187.645,810.041,494.926,164.501,1.7803,457.896,2156.31,0.7121,0.3561,TCGA-W3-AA1R-06,TCGA-W3-AA1R
757.314,177.419,272.693,1616.28,730.308,109.527,203.676,645.161,6.3766,0,TCGA-W3-AA1V-06,TCGA-W3-AA1V
1103.19,911.493,581.376,2817.11,1602.77,2.0973,294.044,478.188,0.8389,0.4195,TCGA-W3-AA1W-06,TCGA-W3-AA1W
734.098,1435.87,415.016,226.799,84.9844,0,308.655,381.126,14.0772,1.5641,TCGA-W3-AA21-06,TCGA-W3-AA21
643.925,274.584,845.231,472.942,118.341,0,561.381,1343.86,2.948,1.2634,TCGA-WE-A8JZ-06,TCGA-WE-A8JZ
1325.1,2081.81,1420.11,1067.75,474.222,0.4261,463.57,980.4,1.7043,0.4261,TCGA-WE-A8K1-06,TCGA-WE-A8K1
1128.21,1691.92,488.733,871.795,182.207,0,222.611,465.035,2.331,2.331,TCGA-WE-A8K5-06,TCGA-WE-A8K5
756.33,424.422,128.466,446.344,73.66,0,311.74,1214.07,0,0.4385,TCGA-WE-A8K6-06,TCGA-WE-A8K6
613.878,430.396,125.16,296.977,240.954,1.2771,147.297,618.561,41.7199,33.2056,TCGA-WE-A8ZM-06,TCGA-WE-A8ZM
1028.55,856.378,186.441,1008.03,398.751,0.8921,352.364,225.691,4.4603,2.6762,TCGA-WE-A8ZN-06,TCGA-WE-A8ZN
418.534,1177.73,1601.95,1129.07,230.356,1.6222,88.8168,1069.45,0,0.8111,TCGA-WE-A8ZO-06,TCGA-WE-A8ZO
571.303,553.257,472.711,1011,241.197,0,191.461,1117.96,25.088,22.4472,TCGA-WE-A8ZQ-06,TCGA-WE-A8ZQ
415.932,1127.6,185.027,347.305,103.13,0.3792,166.07,1805.15,75.8308,2.2749,TCGA-WE-A8ZT-06,TCGA-WE-A8ZT
617.805,602.596,231.284,835.453,553.822,1.0489,307.854,545.955,2.0978,17.8314,TCGA-WE-A8ZX-06,TCGA-WE-A8ZX
844.865,869.829,1257.85,384.094,96.6476,0.7133,251.427,1826.68,2.4964,0.3566,TCGA-WE-A8ZY-06,TCGA-WE-A8ZY
544.257,2562.7,424.658,527.397,424.131,6.8493,118.546,368.809,20.0211,20.5479,TCGA-WE-AA9Y-06,TCGA-WE-AA9Y
784.47,1043.76,417.714,441.633,298.813,1.7333,457.925,1311.73,2.4266,0,TCGA-WE-AAA0-06,TCGA-WE-AAA0
636.149,4018.97,1562.75,715.783,312.551,0,158.347,231.076,4.6031,5.0634,TCGA-WE-AAA3-06,TCGA-WE-AAA3
735.359,855.249,297.79,1931.49,1501.66,0,302.762,158.011,0,0,TCGA-WE-AAA4-06,TCGA-WE-AAA4
957.299999999999,1389.81,603.306,929.752,309.917,2.7548,267.218,126.722,1.3774,0,TCGA-XV-AB01-06,TCGA-XV-AB01
477.243,1090.59,324.231,1053.75,46.3806,0.8669,238.838,204.161,2.6008,9.5362,TCGA-YD-A89C-06,TCGA-YD-A89C
711.854,410.529,171.896,902.625,547.709,9.1004,447.942,1618.19,23.9307,1.3482,TCGA-YD-A9TA-06,TCGA-YD-A9TA
662.054,1068.65,929.75,543.374,464.609,0,134.114,479.51,28.2065,3.1932,TCGA-YD-A9TB-06,TCGA-YD-A9TB
1048.75,1022.39,1506.38,437.857,173.046,1.3519,379.214,1208.96,1.0139,0,TCGA-YG-AA3O-06,TCGA-YG-AA3O
574.321,85.7752,1265.32,646.244,43.154,0,137.453,869.473,0.5328,7.4587,TCGA-YG-AA3P-06,TCGA-YG-AA3P
629.457,2852.71,520.543,2806.95,535.659,3.1008,123.256,591.473,6.9767,0.7752,TCGA-Z2-A8RT-06,TCGA-Z2-A8RT
272.446,267.55,910.648999999999,508.996,157.247,0.288,131.615,1375.77,2.304,0,TCGA-Z2-AA3S-06,TCGA-Z2-AA3S
675.495,386.464,269.413,1454.31,838.973,0,385.81,92.856,0,8.5009,TCGA-Z2-AA3V-06,TCGA-Z2-AA3V
